ID,Data Provider,Project Name,Consumer Team,Consumer Name,Consumer Description,Purpose,Warning,Suggestion,Is this warning about the access request correct?,How would you rate the provided suggestion?
10b0c8f06a35c1c6202e0c15968967516981b46a27bf607982e753a071fc4858,Customers,Personalized Marketing Campaigns,marketing,Customer Insight Engine,Gathers and analyzes customer data to deliver targeted marketing content and promotions.,"The Marketing team aims to leverage customer data to create highly personalized marketing campaigns. By accessing data such as customer names, contact info, and shopping habits, the team can tailor messages that resonate more with individual customers, ultimately boosting engagement and sales. These campaigns can include personalized product suggestions and exclusive offers based on individual preferences and past behaviors.","Datenschutzhinweise für den XXX Onlineshop und die XXX App (See section 2. Einbindung von Dritten als Auftragsverarbeiter): The access request involves processing personal data such as customer names, contact info, and shopping habits for marketing purposes. This may violate GDPR regulations if explicit consent from customers is not obtained.",Ensure explicit customer consent is obtained for using personal data in marketing campaigns.,Yes,Useful and feasible for resolving the policy violation.
dc84cdb4cbfaae31c5cc3d5abd92a253ae757178820a40f93e2bb1ba343122dc,Customers,Order Fulfillment Optimization,logistics,Fulfillment Predictor,Enhances logistical operations by forecasting order volumes and streamline fulfillment processes.,"The Logistics team requires access to basic customer shipping information and order history to analyze shipment patterns and optimize order fulfillment processes. This data will help in predicting shipment volumes, enhancing warehouse stock management, and improving delivery times by anticipating customer needs and preferences.","Datenschutzhinweise für den XXX Onlineshop und die XXX App (See section 4. Aufruf unserer Dienste): The requested data includes personal data such as customer names, contact info, and shipping addresses. The purpose of the access request does not explicitly mention compliance with GDPR or other data protection regulations.",Include a statement ensuring compliance with GDPR and data protection regulations.,Yes,Useful and feasible for resolving the policy violation.
980f7211ecc0b9866aed87755fb597ad504e36460d4c1ed1e342f790b70a77bb,Customers,Customer Behavior Analytics,platform-team,User Behavior Dashboard,Monitors and analyzes user interactions with the platform to inform interface improvements.,"The Platform Team seeks to analyze anonymized customer activity data, such as log-in frequencies and order history, to identify trends in customer behavior. This analysis will help enhance the user experience on the platform by adapting interfaces to the most common usage patterns and ensuring reliability under high usage conditions.","Datenschutzhinweise für den XXX Onlineshop und die XXX App (See section 4. Aufruf unserer Dienste): The requested data includes personal data such as name, contact info, shipping addresses, and activity. The purpose should explicitly mention the anonymization of this data to comply with GDPR.","The Platform Team seeks to analyze anonymized customer activity data, ensuring all personal data is anonymized to comply with GDPR.","No, the warning is incorrect but could generally be a valid objection in this context.",Useful and feasible for resolving the policy violation.
e0414e7d6ebd9f33e9191d4c4ea67ca2f8f84e469e64c5b7bd5c0864af6acf75,Customers,Customer Satisfaction Enhancement,logistics,Satisfaction Optimizer,Analyzes feedback and order data to enhance customer shipping experiences and increase satisfaction.,"We aim to enhance customer satisfaction by periodically reviewing feedback related to shipping experiences and order fulfillment through data accessed from past customer orders. Understanding these dynamics will allow us to resolve common complaints more effectively, thereby improving overall customer satisfaction and retention.","Datenschutzhinweise für den XXX Onlineshop und die XXX App (See section 5. Abwicklung von Kaufverträgen inkl. Gewährleistungsfällen): The requested data includes personal data such as names, contact info, and shipping addresses. The purpose should explicitly mention how this personal data will be protected and used in compliance with GDPR.",Include details on GDPR compliance and data protection measures.,"Yes, but there is a flaw in the argument.",Useful and feasible for resolving the policy violation.
85ab75585d5057038c61327a5591720d18423b59f24561a98664ed2a5462d4e2,Customers,Enhanced Customer Service Training,platform-team,Service Training Module,Develops enhanced customer service training based on data-driven insights about customer interactions.,"The Platform Team requires anonymized data on customer service interactions to tailor training programs that improve efficiency and customer satisfaction. By analyzing frequently asked questions and common issues, the team can devise focused training sessions that better prepare service teams to assist customers.","Datenschutzhinweise für den XXX Onlineshop und die XXX App (See section 4. Aufruf unserer Dienste): The requested data includes personal data such as name, contact info, and activity. The purpose should explicitly mention the need for anonymized data to ensure compliance with data protection policies.",The Platform Team requires anonymized data on customer service interactions to tailor training programs.,"Yes, but there is a flaw in the argument.",Useful and feasible for resolving the policy violation.
bb0dfa312438f4a2edc55a28f07a83e32d3ba32dd4f056487291e59b3fe46d26,Customers,Targeted Retention Strategies,marketing,Retention Genius,Provides insights and develops strategies to enhance customer retention based on behavioral data.,"Marketing seeks access to data regarding customer purchase patterns and engagement levels to develop targeted retention strategies. By identifying customers at risk of churn, the team can create personalized retention offers that aim to maintain loyalty, such as special discounts or personalized emails.","Datenschutzhinweise für den XXX Onlineshop und die XXX App (See section 9. Versand von Werbung): The data contract specifies that the data includes personal data such as name, contact info, shipping addresses, and activity. The access request for marketing purposes may not align with the data contract's intended use.",Clarify how personal data will be protected and used in compliance with GDPR.,"Yes, but there is a flaw in the argument.",Useful and feasible for resolving the policy violation.
3f5c9aa1b7ffcb1393b809500dd0a83f503db279fe04c2a97b724aab6c8b2e6d,Customers,Product Recommendations Engine,logistics,Recommendation Suite,Enhances customer shopping experience with tailored product recommendations.,"The Logistics team plans to incorporate customer purchase history into a product recommendation algorithm. This initiative tailors suggestions based on past purchases and browsing history, improving customer experience through relevant product recommendations that match individual preferences.","Datenschutzhinweise für den XXX Onlineshop und die XXX App (See section 4. Aufruf unserer Dienste): The access request involves the use of personal data (PII) such as customer names, contact info, and activity data for product recommendations. This may violate data privacy policies.",Ensure data usage complies with data privacy policies and anonymize PII where possible.,"Yes, but there is a flaw in the argument.",Useful and feasible for resolving the policy violation.
65f5cdb43140198caa7e23942005802bc5ae739d3c3d5ad454c1b3a096855ebf,Customers,Payment Risk Assessment,platform-team,Risk Analysis Tool,Assesses payment method risks to secure transaction processes and reduce potential financial threats.,The Platform Team aims to assess potential risks associated with different payment methods by analyzing customer payment data to ensure secure transaction processes. This analysis supports the enhancement of security measures and mitigation of financial risks for both the business and its customer base.,"Datenschutzhinweise für den XXX Onlineshop und die XXX App (See section 5. Abwicklung von Kaufverträgen inkl. Gewährleistungsfällen): The access request involves analyzing customer payment data, which includes personal data such as names, contact info, and shipping addresses. This may violate data privacy policies.",Ensure compliance with data privacy policies and limit access to non-personal data.,"Yes, but there is a flaw in the argument.",Useful and feasible for resolving the policy violation.
908816ebcf06a8dd13c5e2a483109a841bb9a57bbb42febe141c726fdbc5c393,Payments,Cross-Selling Opportunities Identification,marketing,Cross-Sell Recommendation Engine,Leverages transaction data to identify and suggest cross-selling opportunities to customers.,"We need access to payment data to uncover cross-selling opportunities. By identifying related purchasing patterns in transaction data, we can recommend additional products to customers, enhancing sales conversion rates. Payment details such as order compositions are crucial for proposing relevant cross-sell options in our e-commerce strategy.","Datenschutzhinweise für den XXX Onlineshop und die XXX App (See section 5. Abwicklung von Kaufverträgen inkl. Gewährleistungsfällen): The access request involves the processing of payment data, which includes sensitive financial information. Ensure that the data usage complies with GDPR requirements for data minimization and purpose limitation.",Specify how data minimization and purpose limitation principles will be adhered to.,Yes,Useful and feasible for resolving the policy violation.
569aece891f2a8d3ee80645eba515c0af80c714bb4036f25ac1a0d44e0b6309f,Payments,AI-driven Customer Service Enhancements,enabling-team,AI Service Enhancer,Uses AI to anticipate and resolve customer issues based on payment data anomalies.,"To elevate our customer service experience, we want to utilize payment data to train AI models that predict customer issues based on payment anomalies. This proactive approach allows us to address potential complaints before they arise, improving customer satisfaction. We need access to transactional anomalies to enhance our AI predictions and customer service strategies.","Datenschutzhinweise für den XXX Onlineshop und die XXX App (See section 5. Abwicklung von Kaufverträgen inkl. Gewährleistungsfällen): The access request involves the use of payment data to train AI models, which may include sensitive financial information. Ensure that the data usage complies with GDPR and other relevant data protection regulations.",Ensure compliance with GDPR and data protection regulations.,Yes,Useful and feasible for resolving the policy violation.
efe5995b6132a912b685011ccc6fe376e28b30dc03780017d6b27bfe49904cfa,Products,Marketing Trend Analysis,marketing,Campaign Effectiveness Tracker,Analyzes marketing data to identify successful strategies within product categories.,The aim is to assess the effectiveness of various marketing campaigns across different product categories. A detailed analysis of product descriptions and category information will help us understand which marketing strategies are bringing the best returns. This data will enable us to allocate resources more effectively and enhance our strategic planning for future marketing initiatives.,"Access to Trade Secret Data (See section ): The data contract specifies that 'pricing info' is classified as a trade secret. The access request includes a purpose that involves detailed analysis of product descriptions and category information, which may inadvertently include pricing info.",Exclude pricing info from the analysis.,"Yes, but there is a flaw in the argument.",Misleading advice.
29942dab780c0abe694cf73ff4a732f06a41c6a3bd91edf08162020aad26da75,Products,Price Margin Optimization,platform-team,Price Optimization Engine,A tool for analyzing and optimizing product pricing based on cost data and market conditions.,"We intend to enhance our pricing strategies by analyzing pricing info such as buying price and margin information. This will allow us to optimize our pricing models, ensure competitive pricing in the market, and maximize profitability on individual products and across categories.",Trade Secret Protection (See section ): The requested data includes 'pricing info' which is classified as a trade secret. Ensure that the data usage aligns with the protection of trade secrets.,Ensure data usage aligns with trade secret protection.,Yes,Useful and feasible for resolving the policy violation.
586a03f1880794102b711bbfe8cdf2c782b00055377ee61d335b5374f58f5576,Products,Competitor Pricing Analysis,platform-team,Market Positioning Analyzer,Provides analytical insights into competitor pricing strategies to optimize our market pricing decisions.,"Understanding competitor pricing strategies by assessing pricing info will enable us to benchmark our own prices, identify market trends, and make informed pricing decisions. This competitive insight is crucial to maintain market leadership and innovatively adjust our selling tactics.",Datenschutzhinweise für den XXX Onlineshop und die XXX App (See section 9.1 Personalisiertes Nutzungsprofil): The requested data includes 'pricing info' which is classified as a trade secret. The purpose of understanding competitor pricing strategies may lead to misuse of this sensitive information.,Refine the purpose to exclude competitive analysis and focus on internal pricing optimization.,"No, and the warning is based on a non-existent issue or taken out of context.",Misleading advice.
39aa9bfacfcc3308a652158344fc79f32fc14b57365d12dd8c7b252eb12abfe6,Products,Sales Strategy Development,platform-team,Sales Strategy Enhancer,Focuses on sales pattern analysis to improve sales strategies and align them with consumer expectations.,Crafting better sales strategies by closely analyzing sales patterns and consumer feedback from product performance data. This exploration into consumer behavior is essential for aligning marketing efforts with consumer expectations and enhancing overall sales performance.,"Access to Trade Secret Data (See section ): The data contract specifies that 'pricing info' is classified as a trade secret. The purpose of the access request includes analyzing sales patterns and consumer feedback, which may involve accessing pricing information.",Exclude pricing info from the analysis.,"No, the warning is incorrect but could generally be a valid objection in this context.",Misleading advice.
56e8a69b4bd313eb3e1c0de7f07d13a1d15983f84e3b6519c437d907b8bd40fb,Products,Internal Product Development Insights,shop-operations,Product Innovation Tracker,Enhances product development processes through lifecycle data analysis for better innovation outcomes.,"We are examining internal product development processes and results to innovate new products by thoroughly understanding product lifecycle data and market reception metrics. This analysis will guide the innovation pipeline from conceptualization to market launch, aiming to meet consumer needs more precisely.",Trade Secret Protection (See section ): The data contract specifies that 'pricing info' is classified as a trade secret. Ensure that the analysis does not disclose or misuse this sensitive information.,Ensure compliance with trade secret protection.,"Yes, but there is a flaw in the argument.",Useful and feasible for resolving the policy violation.
