ID,Data Provider,Project Name,Consumer Team,Consumer Name,Consumer Description,Purpose,Warnings,Suggestions,Is this warning about the access request correct?,How would you rate the provided suggestion?
8392a6d9159cc8a43f7794b73694e375edddcaecc8afb25b686d8f2ffa7bc2c9,Benefit,Claims Risk Pattern Analysis,underwriting,Risk Insight Tool,A platform designed to offer in-depth risk insights through historical claims and beneficiary data analysis.,"To improve our risk assessment process, we aim to analyze the historical claims data to identify risk patterns associated with certain demographics and behaviors. By utilizing beneficiaries' data, we can create a risk profile for different customer segments, enhancing our underwriting criteria and premium predictions for future policies. The aim is to align policies more closely with actual risk, ultimately benefiting both the company through improved financial predictions and customers via fair and accurately priced insurance offerings.","1) Datenschutzerklärung für Versicherungsverträge (See section 4.2 Besonders schützenswerte Personendaten): The access request involves the use of personally identifiable information (PII) such as beneficiaries' names, reasons for claims, and payment information. This may violate the data contract's restrictions on PII usage.",1) Ensure PII is anonymized or aggregated before analysis.,"Yes, but there is a flaw in the argument.",Technically correct but impractical for solving the issue.
31db55b24dbe49bf94e9e4dfb72eeb4fb25b38b383dcdd78aaa2fa4e31da76f4,Benefit,Fraud Detection Enhancement,actor,FraudShield,A strategic application enhancing fraud detection through detailed claims data analysis.,"We seek to enhance our fraud detection capabilities by analyzing beneficiaries and payment information data to identify unusual claim patterns. This analysis will focus on cross-referencing payment anomalies with claim types and timing, helping to flag potential fraudulent activities early. This proactive approach will not only safeguard financial resources but will also improve the integrity of our claims processes, ensuring legitimate claims are processed efficiently.","1) Datenschutzerklärung für Versicherungsverträge (See section 4.1 Generell): The access request involves processing of PII data (beneficiaries, reason, payment information) which must comply with the data contract and privacy policies.",1) Ensure compliance with privacy policies for PII data processing.,"Yes, but there is a flaw in the argument.",Misleading advice.
e424e08b361ecb2eed041f24a721bba39c15103e1984f3e85d4764f4dcea7784,Benefit,Behavioral Underwriting Insights,underwriting,Behavioral Insight Engine,Provides insights for refined underwriting processes through behavioral data analysis.,"To refine our underwriting methodologies, we will utilize data concerning beneficiaries and payment information to conduct a behavioral analysis. Our goal is to uncover the relationships between client demographics, previous claims, and underwriting risks. This will allow more tailored policy creations and adjustments, helping keep premiums competitive while ensuring the solvency and profitability of the insurance portfolio.","1) Datenschutzerklärung für Versicherungsverträge (See section 4.2 Besonders schützenswerte Personendaten): The access request involves processing of PII data such as beneficiaries and payment information, which includes sensitive information like IBAN and amounts. This may violate the data privacy policy.",1) Ensure compliance with data privacy regulations and limit the use of sensitive PII data.,"Yes, but there is a flaw in the argument.",Misleading advice.
72f2f494807873c5538a531b74d0e2eb3c2414d1a2beff92f53e5749a3883be2,Benefit,Policy Personalization Initiative,contracts,SmartPolicy Creator,A platform to align policy offerings more closely with customer needs and observed claim reasons.,"To enhance our policy personalization efforts, we aim to use reason data from the claimant's context. By understanding common reasons for claims, we can adjust coverage specificities and create more personalized insurance solutions. This will improve customer satisfaction by ensuring coverage aligns better with their expected needs, ultimately fostering stronger customer relationships and reducing dissatisfaction.","1) Datenschutzerklärung für Versicherungsverträge (See section 4.1 Generell): The requested data includes personally identifiable information (PII) such as beneficiaries, reasons, and payment information. The purpose should explicitly mention how PII will be protected.",1) Include details on PII protection measures.,Yes,Useful and feasible for resolving the policy violation.
72f2f494807873c5538a531b74d0e2eb3c2414d1a2beff92f53e5749a3883be2,Benefit,Policy Personalization Initiative,contracts,SmartPolicy Creator,A platform to align policy offerings more closely with customer needs and observed claim reasons.,"To enhance our policy personalization efforts, we aim to use reason data from the claimant's context. By understanding common reasons for claims, we can adjust coverage specificities and create more personalized insurance solutions. This will improve customer satisfaction by ensuring coverage aligns better with their expected needs, ultimately fostering stronger customer relationships and reducing dissatisfaction.","2) Datenschutzerklärung für Versicherungsverträge (See section 5.1 Übersicht): The purpose of the access request involves using PII for policy personalization, which may not align with the data contract's intended use of PII.",2) Clarify the alignment with the data contract's intended use of PII.,"Yes, but there is a flaw in the argument.",Useful and feasible for resolving the policy violation.
142e4fb86d9d5f1ace0539c5fbc6c7a9bf882d9248ad4a8003a3a5e6d6394209,Benefit,Strategic Claims API Development,actor,OpenClaim API,Enhances claim processing efficiency through strategic API development and integration.,"Tailoring our claim processing API requires a deep dive into beneficiaries and payment information data. This information helps identify potential integration points with third-party software, improving process efficiency and customer satisfaction. The intended outcome is to create more cohesive API systems that reduce claim processing time and improve transparency, thereby enhancing user experience and trust in our systems.","1) Datenschutzerklärung für Versicherungsverträge (See section 4.2 Besonders schützenswerte Personendaten): The access request involves processing PII data such as beneficiaries and payment information, which includes sensitive information like IBAN and amounts. This may violate the data contract's restrictions on handling PII.",1) Specify how PII will be protected and anonymized.,"Yes, but there is a flaw in the argument.",Technically correct but impractical for solving the issue.
c11af745bcf38d34268d01441aaeca7d65952b88b29bf84cb975a5e48d0ae803,Benefit,Claims Forecasting System,underwriting,Claims Predictor,Forecasts future claims potential to improve staffing and budget planning.,"For better resource allocation in claims management, we require access to beneficiary and date data. By developing models that forecast the likelihood of future claims based on past events, we can ensure that staffing and budget allocations in the claims department are optimized. The goal is to improve operational readiness and responsiveness, ultimately reducing processing delays and enhancing service provision during claims surges.",1) Datenschutzerklärung für Versicherungsverträge (See section 4.2 Besonders schützenswerte Personendaten): The access request involves processing of PII data (beneficiaries and reason) which may not be compliant with the data contract's privacy requirements.,1) Ensure PII data is anonymized or obtain explicit consent for processing.,"Yes, but there is a flaw in the argument.",Misleading advice.
9b65f2f2236bc85b26d1786f0b7a96fd739a453336bb573d5f484d48c3bf3b52,Benefit,Payment Integrity Monitor,contracts,FinGuard,Monitors payment activities to ensure financial accountability and irregularity detection.,"To safeguard against financial discrepancies in our claims payments process, we aim to analyze the payment information fields for irregularities. By detecting and addressing erroneous or unusual payment activities promptly, we can ensure financial accountability and transparency. This initiative will maintain trust with all stakeholders by upholding our commitment to precision and integrity in financial operations.","1) Datenschutzerklärung für Versicherungsverträge (See section 4.1 Generell): The access request involves processing of PII data (beneficiaries, reason, payment information) which may not be fully compliant with the data contract's privacy requirements.",1) Ensure compliance with privacy requirements for PII data.,"Yes, but there is a flaw in the argument.",Misleading advice.
173e64d0ee35a85c54bc6d0afcb31f54a12a4f7b50d6e6ec828c6c1f06e50f41,Benefit,Customer Experience Improvement,contracts,ClientConnect,Improves client interactions through enhanced understanding of claim context and timing.,"Leveraging reason and date data from the Benefit API, we aim to enhance our response strategies by understanding the contexts and timing of claims better. Being able to tailor communication and feedback loops based on these insights permits us to increase client satisfaction by providing faster, more relevant support and advice, which addresses their specific circumstances and needs during critical times.","1) Datenschutzerklärung für Versicherungsverträge (See section 4.2 Besonders schützenswerte Personendaten): The access request involves processing of PII data (beneficiaries, reason, payment information) which must comply with the data protection policy.",1) Ensure compliance with data protection regulations for PII data.,Yes,Useful and feasible for resolving the policy violation.
299c8e32afcdef46d804c7a2b49fbf9151dcbe29e90043270118b9318258e229,Life Insurance Contracts,Policyholder Data Enrichment,underwriting,Risk Assessment Tool,Optimizes premium calculations and underwriting decisions by incorporating detailed policyholder data.,"To enhance our underwriting models, we aim to integrate detailed policyholder data, such as age and smoking status, from the Life Insurance Contracts to improve risk assessment accuracy. This will allow us to offer more competitive premiums and ensure better pricing strategies tailored to individual risk profiles.","1) Datenschutzerklärung für Versicherungsverträge (See section 4.2 Besonders schützenswerte Personendaten): The access request involves processing personally identifiable information (PII) such as age and smoking status, which is sensitive data. Ensure compliance with data protection regulations.",1) Ensure compliance with data protection regulations for PII.,Yes,Useful and feasible for resolving the policy violation.
3b5a95f87aa3a4e334a5991082808585dedc2531a3a8eddfe28e20ba9ed1455c,Life Insurance Contracts,Medical History Analysis for Fraud Detection,claims--benefit,Fraud Detection System,Detects potentially fraudulent claims by analyzing medical records and claims data.,Our goal is to analyze the medical records linked to past claims to identify patterns indicative of fraudulent behavior. This analysis will be crucial in reducing fraud rates and enhancing the integrity of our claims process.,"1) Datenschutzerklärung für Versicherungsverträge (See section 5.5 Bekämpfung von Versicherungsmissbrauch): The access request involves analyzing medical records, which contain PII. The data contract specifies that PII must be handled responsibly and only for specified purposes.",1) Analyze claims data without accessing medical records.,Yes,Technically correct but impractical for solving the issue.
b9a4865366feb253fe59726c67d3ce20cf7f87e6b776be6bb3d16b470584b098,Life Insurance Contracts,Customer Profiling for Personalized Marketing,marketing,Customer Profiling Engine,Generates customer profiles to tailor marketing campaigns for improved engagement.,"We seek to leverage policyholder base data to create personalized marketing campaigns that resonate more with individual customers. By understanding their demographics and past insurance preferences, we can increase engagement and loyalty.","1) Datenschutzerklärung für Versicherungsverträge (See section 5.1 a. Zur Vertragserfüllung oder zur Durchführung vorvertraglicher Massnahmen): The access request involves the use of policyholder base data, which includes PII such as age, weight, and smoking status. This data is sensitive and its use for marketing purposes may not align with the data contract's intended use.",1) We seek to leverage anonymized policyholder data to create personalized marketing campaigns.,"Yes, but there is a flaw in the argument.",Useful and feasible for resolving the policy violation.
a123ff379b4304b724362b7d33ce51c74fa25197af337882f4228124ce94a4af,Life Insurance Contracts,Enhanced Retention Strategies,marketing,Retention Strategy Analyzer,Analyzes historical data to devise strategies for improving customer retention rates.,"By analyzing historical data on premiums and contract terms, we aim to develop strategies to minimize policy lapses. Understanding how contract adjustments or premium changes impact retention will help us design better customer retention strategies.","1) Datenschutzerklärung für Versicherungsverträge (See section 4.1 Generell): The access request involves analyzing historical data on premiums and contract terms, which includes PII such as policyholder name, base data, and prior medical records. This may violate the data contract's restrictions on handling PII.",1) Focus on anonymized data to develop retention strategies.,"Yes, but there is a flaw in the argument.",Useful and feasible for resolving the policy violation.
da958b0b63d472ca70041221670114a15d1defd007bb2abb939afe781042a69e,Life Insurance Contracts,Agent Performance Insights,actor,Agent Performance Dashboard,"Monitors and evaluates agent performance, guiding improvement strategies.","Accessing agent performance data, including metrics such as agent commission correlated with contract outcomes, will allow us to identify high-performing agents and recognize best practices. This will facilitate targeted training programs and optimize sales strategies.","1) Datenschutzerklärung für Versicherungsverträge (See section 4.1 Generell): The access request involves processing personally identifiable information (PII) such as policyholder name, policyholder base data, prior medical record, and beneficiaries, which may violate the data contract's privacy terms.",1) Ensure PII is anonymized or excluded from the data request.,"Yes, but there is a flaw in the argument.",Misleading advice.
da958b0b63d472ca70041221670114a15d1defd007bb2abb939afe781042a69e,Life Insurance Contracts,Agent Performance Insights,actor,Agent Performance Dashboard,"Monitors and evaluates agent performance, guiding improvement strategies.","Accessing agent performance data, including metrics such as agent commission correlated with contract outcomes, will allow us to identify high-performing agents and recognize best practices. This will facilitate targeted training programs and optimize sales strategies.","2) Trade Secret Data (See section ): The access request includes agent commission data classified as a trade secret, which may not be appropriate for the stated purpose of identifying high-performing agents and optimizing sales strategies.",2) Exclude agent commission data from the request.,"No, and the warning is based on a non-existent issue or taken out of context.",Useful and feasible for resolving the policy violation.
a686d94a1c154beedb96f9df1fcfbb31d467f08858faa472c4baca8b25b95a48,Life Insurance Contracts,Pre-Approval Underwriting Analysis,underwriting,Pre-Approval Analysis Tool,Automates underwriting processes to accelerate the pre-approval phase and improve customer experience.,"Integrating detailed policyholder data, such as prior medical records and base data, into our underwriting models will streamline the pre-approval process. This effort aims to expedite application reviews and enhance overall customer satisfaction.","1) Datenschutzerklärung für Versicherungsverträge (See section 4.2 Besonders schützenswerte Personendaten): The access request involves processing of PII data such as policyholder name, base data, and prior medical records, which must comply with the data protection policy.",1) Ensure compliance with data protection regulations for PII data.,Yes,Useful and feasible for resolving the policy violation.
16de1121d6a816ea5986959a1fa9271ef1e40eee7449b1f40cd5fa7466ed5576,Life Insurance Contracts,Insight Generation for Premium Adjustments,underwriting,Premium Adjustment Platform,Provides insights that guide dynamic premium setting strategies based on historical analysis.,We intend to utilize sum insured and premium data to analyze the correlation between coverage levels and premium adjustments. This will inform our pricing models and ensure they're responsive to competitive changes and shifts in policyholder demand.,1) Datenschutzerklärung für Versicherungsverträge (See section 4.1 Generell): The access request involves the use of personal data (sum insured and premiums) which includes PII. The purpose should explicitly mention how PII will be handled in compliance with the data contract.,1) Specify how PII will be anonymized or handled in compliance with data contract.,"Yes, but there is a flaw in the argument.",Technically correct but impractical for solving the issue.
55b95bdb81eb412d2ce229bca7de26e793877b212fa59ba41006d660c41698b0,Life Insurance Contracts,Beneficiary Verification,claims--benefit,Beneficiary Verification Tool,Confirms beneficiary data to secure the legitimacy of insurance claims.,"To ensure the reliability of our policy payouts, we must verify the identities of beneficiaries listed under policyholder accounts. Accessing names and relationship data will significantly enhance our payout accuracy and reduce fraudulent claims.","1) Datenschutzerklärung für Versicherungsverträge (See section 4.3 Begünstigte): The access request involves processing personally identifiable information (PII) such as names and relationships of beneficiaries, which must comply with strict data protection regulations.",1) Ensure compliance with data protection regulations for PII processing.,"Yes, but there is a flaw in the argument.",Misleading advice.
6a45424c65f670cb4a1cd4ca4abcc75622b59f0a07594ae24f0b229c8ce5800a,Life Insurance Contracts,Life Event Trigger Identification,marketing,Life Event Trigger System,Identifies significant life changes for targeted upselling and customer engagement.,"Our goal is to understand significant life events like marriage or childbirth from policyholder data, which can serve as triggers for targeted upselling opportunities and personalized policy adjustments, thereby enhancing engagement and growth.","1) Datenschutzerklärung für Versicherungsverträge (See section 5.1 Übersicht): The access request involves processing of PII data (policyholder name, base data, prior medical record, beneficiaries) for marketing purposes, which may violate the data contract's restrictions on PII usage.",1) Ensure PII data is anonymized or obtain explicit consent from policyholders.,"Yes, but there is a flaw in the argument.",Misleading advice.
287d727b1ae59250edadcd8d38e9585e72e3b9a872458bd5fa93036dafb87dee,Life Insurance Contracts,Agent Incentive Program Analysis,actor,Agent Incentive Analyzer,Evaluates incentive structures to align agent performance with organizational objectives.,"By analyzing the relationship between agent commissions and policyholder satisfaction, we aim to establish effective incentive programs that foster higher satisfaction rates and drive agent performance alignment with company goals.","1) Trade Secret Violation (See section ): The access request involves analyzing agent commissions, which are classified as trade secrets in the data contract. This could lead to unauthorized disclosure of sensitive information.",1) Focus on policyholder satisfaction without referencing agent commissions.,"No, and the warning is based on a non-existent issue or taken out of context.",Misleading advice.
287d727b1ae59250edadcd8d38e9585e72e3b9a872458bd5fa93036dafb87dee,Life Insurance Contracts,Agent Incentive Program Analysis,actor,Agent Incentive Analyzer,Evaluates incentive structures to align agent performance with organizational objectives.,"By analyzing the relationship between agent commissions and policyholder satisfaction, we aim to establish effective incentive programs that foster higher satisfaction rates and drive agent performance alignment with company goals.","2) Datenschutzerklärung für Versicherungsverträge (See section 4.1 Generell): The access request involves processing PII data such as policyholder name, base data, and prior medical records. Ensure compliance with the data protection policy.",2) Ensure anonymization of PII data before analysis.,Yes,Technically correct but impractical for solving the issue.
ccf085ed0eca44d6c24d68f764389e2d6b1d182ffedffa60d99cc70d59d37272,Actor,Customer Trust Analysis,marketing,Customer Trust Management,Enhances customer relations and trust by improving communication related to data and privacy practices.,"To enhance customer trust, we seek to analyze contact info and historical data usage consents from actors with existing contracts. Our aim is to identify trends and improve transparency with customers regarding data sharing practices. Understanding these patterns helps us build confidence among policyholders, potentially increasing satisfaction and loyalty. This analysis will focus on improving how we communicate our privacy practices and identify any improvements needed in our data usage approach.","1) Datenschutzerklärung für Versicherungsverträge (See section 4.1 Generell): The access request involves analyzing contact info, which is classified as PII. The purpose must ensure compliance with the data contract's restrictions on PII handling.",1) Ensure PII is anonymized or pseudonymized before analysis.,"Yes, but there is a flaw in the argument.",Technically correct but impractical for solving the issue.
37fa85ba016c5b23aeeab56f01170bbdafaaeb853a83a843c9617482ef67a27e,Actor,Data-Driven Customer Outreach,marketing,Personalized Outreach Engine,Customizes outreach strategies tailored to individual customer preferences and behaviors to boost conversion rates.,"Our goal is to tailor communication with potential policyholders by analyzing their payment methods and consents for data usage. By understanding how customers prefer to interact financially and their consent for marketing, we can customize our messages to align with their preferences. This targeted approach is expected to improve engagement rates and conversion efficiency, ultimately contributing to better customer service and growth in policy sales.","1) Datenschutzerklärung für Versicherungsverträge (See section 4.1 Generell): The access request involves processing personal identifiable information (PII) such as contact info and payment information, which must comply with the organization's data privacy policies.",1) Ensure compliance with data privacy policies when processing PII.,"Yes, but there is a flaw in the argument.",Useful and feasible for resolving the policy violation.
37fa85ba016c5b23aeeab56f01170bbdafaaeb853a83a843c9617482ef67a27e,Actor,Data-Driven Customer Outreach,marketing,Personalized Outreach Engine,Customizes outreach strategies tailored to individual customer preferences and behaviors to boost conversion rates.,"Our goal is to tailor communication with potential policyholders by analyzing their payment methods and consents for data usage. By understanding how customers prefer to interact financially and their consent for marketing, we can customize our messages to align with their preferences. This targeted approach is expected to improve engagement rates and conversion efficiency, ultimately contributing to better customer service and growth in policy sales.","2) Datenschutzerklärung für Versicherungsverträge (See section 5.1 Übersicht): The purpose of the access request includes analyzing payment methods and consents for data usage, which involves sensitive data. Ensure explicit consent from data subjects is obtained.",2) Obtain explicit consent from data subjects for analyzing payment methods and consents.,"Yes, but there is a flaw in the argument.",Technically correct but impractical for solving the issue.
4ad861cf2fd4fe2a6bfd111155a4fccc16b08d3df9e29920c634dff4e6d95e0f,Actor,Risk Assessment Enhancement,underwriting,Enhanced Risk Assessment Tool,Utilizes advanced analytics to improve risk scoring by integrating digital and historical contract data.,"In order to refine our underwriting risk assessments, we request access to online account activities and links to past contracts. This data will be used to identify patterns indicative of potential risk factors not evident through traditional metrics. Understanding the digital footprint and historical contract data assists in creating more accurate risk profiles, thereby enhancing the precision of coverage assessments and decisions.","1) Datenschutzerklärung für Versicherungsverträge (See section 4.1 Generell): The access request involves processing personal identifiable information (PII) such as contact info, which is restricted under the data contract.",1) Exclude PII such as contact info from the data request.,"No, the warning is incorrect but could generally be a valid objection in this context.",Misleading advice.
4ad861cf2fd4fe2a6bfd111155a4fccc16b08d3df9e29920c634dff4e6d95e0f,Actor,Risk Assessment Enhancement,underwriting,Enhanced Risk Assessment Tool,Utilizes advanced analytics to improve risk scoring by integrating digital and historical contract data.,"In order to refine our underwriting risk assessments, we request access to online account activities and links to past contracts. This data will be used to identify patterns indicative of potential risk factors not evident through traditional metrics. Understanding the digital footprint and historical contract data assists in creating more accurate risk profiles, thereby enhancing the precision of coverage assessments and decisions.","2) Unnecessary Data (See section ): The access request includes payment methods and payment information, which are not mentioned in the purpose and may not be necessary for underwriting risk assessments.",2) Clarify the necessity of payment methods and information for the purpose.,"Yes, but there is a flaw in the argument.",Misleading advice.
8bb79c71c2c26f3e0a50ff08da40750acd7ae677ab2063ef21c8657579e68faf,Actor,Cross-sell Opportunities Discovery,marketing,Cross-sell Intelligence Platform,Identifies and suggests profitable cross-sell insurance products to existing customers based on their purchase patterns.,"By analyzing existing contract links and payment information, we aim to identify potential cross-sell opportunities within our existing customer base. Recognizing the patterns and associations between recently purchased contracts and linked accounts can guide efforts to propose additional useful insurance products to the right clients at the right time, thus optimizing customer lifetime value and satisfaction.",1) Datenschutzerklärung für Versicherungsverträge (See section 5.1 a. Zur Vertragserfüllung oder zur Durchführung vorvertraglicher Massnahmen): The access request involves processing of personal data (PII) such as contact info and payment information. Ensure that the data usage consent is obtained from the data subjects.,1) Ensure data usage consent is obtained for marketing purposes.,"Yes, but there is a flaw in the argument.",Useful and feasible for resolving the policy violation.
b149a2a869bc5197b3e7033b99b7d28c26651f8bc072da37ab542109bdc4e048,Actor,Fraud Detection Enhancement,claims--benefit,Enhanced Fraud Detection Solution,Leverages digital behavior and payment data to identify and address potential fraudulent claim activities.,"Utilizing detailed records of actor payment methods and activity levels in online accounts, our goal is to strengthen fraud detection mechanisms. These indicators, juxtaposed with existing claim patterns, aid in identifying anomalies that suggest fraudulent activity. By doing so, we aim to protect policyholders and the company from potential losses, maintaining the integrity of our insurance processes.","1) Datenschutzerklärung für Versicherungsverträge (See section 4.1 Generell): The access request involves processing personal identifiable information (PII) such as contact info, which is marked as PII in the data contract. This may violate the organization's data privacy policies.",1) Ensure PII is anonymized or obtain explicit consent from data subjects.,"Yes, but there is a flaw in the argument.",Misleading advice.
432fb8a48ecc0d440192903e44c6d3306cf9b14a985fcc9a64333635a03d1c5e,Actor,Premium Adjustment Justification,underwriting,Premium Analysis and Justification Tool,Justifies premium adjustments by evaluating customer risk through payment and contract data.,"Our aim is to justify premium rate adjustments by analyzing actor payment methods and linked contracts. Understanding the basis of current risk and payment patterns allows us to provide precise rationale for changes in premium prices, creating transparency for customers. By justifying these adjustments, we can foster better understanding and acceptance among policyholders.","1) Datenschutzerklärung für Versicherungsverträge (See section 4.1 Generell): The access request involves processing of personal identifiable information (PII) such as contact info, which is not explicitly justified in the purpose provided.",1) Clarify the necessity of using PII for premium rate adjustments.,Yes,Useful and feasible for resolving the policy violation.
ab19af49dfaf765c37a9852fbfac73328cdbc036ac141b7b69dc0f72121611fb,Actor,Automatic Claim Processing,claims--benefit,Automated Claims Handler,Streamlines the claim verification process by automatically validating customer identity through prior contact and payment information.,"To facilitate automatic processing of claims, our application requires access to actor's contact info and payment methods to validate identity and streamline claim verification processes. This automation aims to improve operational efficiency, reducing turnaround times and elevating customer satisfaction by promptly addressing claims while ensuring data verification is robust and concise.",1) Datenschutzerklärung für Versicherungsverträge (See section 4.1 Generell): The access request involves processing of PII (contact info) which requires explicit consent and adherence to strict data protection measures.,1) Ensure explicit consent for PII processing and detail data protection measures.,"No, and the warning is based on a non-existent issue or taken out of context.",Out of context.
eb0464e13d4264a8417e636f88b9d43e7d2f97d2e6a06637fae987c9a1a3f8fc,Actor,Targeted Marketing Campaigns,marketing,Precision Marketing Generator,Designs data-driven marketing strategies and campaigns targeting suitable potential customers.,"To enhance our marketing campaigns, we request access to actors' data usage consents and payment information. Understanding target audience preferences and purchasing behaviors will boost campaign relevance and engagement. By strategically crafting marketing initiatives based on this data, we foster higher customer acquisition and retention, driving business growth.","1) Datenschutzerklärung für Versicherungsverträge (See section 4.2 Besonders schützenswerte Personendaten): The access request includes actors' payment information, which is considered PII. The purpose of enhancing marketing campaigns does not justify the need for this sensitive data.",1) Request access to non-sensitive data only.,"No, the warning is incorrect but could generally be a valid objection in this context.",Technically correct but impractical for solving the issue.
eb0464e13d4264a8417e636f88b9d43e7d2f97d2e6a06637fae987c9a1a3f8fc,Actor,Targeted Marketing Campaigns,marketing,Precision Marketing Generator,Designs data-driven marketing strategies and campaigns targeting suitable potential customers.,"To enhance our marketing campaigns, we request access to actors' data usage consents and payment information. Understanding target audience preferences and purchasing behaviors will boost campaign relevance and engagement. By strategically crafting marketing initiatives based on this data, we foster higher customer acquisition and retention, driving business growth.","2) Datenschutzerklärung für Versicherungsverträge (See section 4.2 Besonders schützenswerte Personendaten): The access request includes actors' contact info, which is considered PII. The purpose of enhancing marketing campaigns does not justify the need for this sensitive data.",2) Request access to non-sensitive data only.,"No, the warning is incorrect but could generally be a valid objection in this context.",Misleading advice.
1a75519c2f97e276bb5fb1d3494405b45de776bbe847b78f8c15efbc2951b485,Actor,Underwriting Audit Enhancement,underwriting,Underwriting Compliance Checker,Assures underwriting accuracy and compliance through comprehensive verification of financial and account data.,"We require access to actors' payment information and online account history for audit purposes. Our goal is to ensure compliance and integrity in underwriting processes by verifying data accuracy and identifying inconsistencies. This audit aims to uphold the highest standards in underwriting, contribute to process optimization, and bolster trust in our insurance offerings.","1) Datenschutzerklärung für Versicherungsverträge (See section 5.1 Übersicht): The access request includes actors' payment information and online account history, which contains PII. The purpose must ensure compliance with the data contract and privacy policies.",1) Ensure compliance with data privacy and limit access to necessary PII.,"Yes, but there is a flaw in the argument.",Misleading advice.
e94f4f3ee3fe7fbdfd7e4b3a79f7c4a43d70ed5c772432828d61b16207793f51,Underwriting Life Insurance,Risk Scoring Analysis for New Contracts,contracts,Risk Scoring Platform,A platform that calculates risk scores for new insurance contracts using underwriting data.,"The Contracts team aims to utilize the health risk assessment and creditworthiness data from the Underwriting Life Insurance API to develop a comprehensive risk scoring system for evaluating new contracts. This system will enhance decision-making by predicting potential risks associated with policyholders, thus ensuring more precise underwriting. This data-driven approach will streamline risk assessment processes, leading to reduced manual errors and time savings while maximizing business value through enhanced risk prediction capabilities.",1) Datenschutzerklärung für Versicherungsverträge (See section 4.2 Besonders schützenswerte Personendaten): The access request involves processing of PII data (health risk assessment and creditworthiness) which is subject to strict privacy regulations.,1) Ensure compliance with privacy regulations for PII data.,Yes,Useful and feasible for resolving the policy violation.
fac6f5f3584daa491041adc14e93328f8d935df07736e0ce3e63b7a9be3fc210,Underwriting Life Insurance,Healthcare Marketing Campaign Targeting,marketing,Targeted Health Campaign Manager,A data application designed to tailor marketing campaigns specifically for audiences most interested in health insurance.,"The Marketing team plans to leverage public mortality models and health risk assessments to identify and target demographics likely to be interested in health-related insurance products. By analyzing this data, the team can devise highly targeted and effective campaigns, ensuring that marketing efforts resonate with the right audience. This initiative aims to improve customer engagement metrics and conversion rates, directly impacting the company's market presence and profitability.","1) Datenschutzerklärung für Versicherungsverträge (See section 5.1 a. Bearbeitungszwecke): The access request involves the use of health risk assessment data, which is classified as PII. The purpose of the request for marketing campaigns may not align with the data contract's intended use for underwriting purposes.",1) Ensure the use of health risk assessment data is strictly for underwriting purposes.,"Yes, but there is a flaw in the argument.",Misleading advice.
fac6f5f3584daa491041adc14e93328f8d935df07736e0ce3e63b7a9be3fc210,Underwriting Life Insurance,Healthcare Marketing Campaign Targeting,marketing,Targeted Health Campaign Manager,A data application designed to tailor marketing campaigns specifically for audiences most interested in health insurance.,"The Marketing team plans to leverage public mortality models and health risk assessments to identify and target demographics likely to be interested in health-related insurance products. By analyzing this data, the team can devise highly targeted and effective campaigns, ensuring that marketing efforts resonate with the right audience. This initiative aims to improve customer engagement metrics and conversion rates, directly impacting the company's market presence and profitability.","2) Datenschutzerklärung für Versicherungsverträge (See section 5.1 a. Bearbeitungszwecke): The access request involves the use of creditworthiness data, which is classified as PII. The purpose of the request for marketing campaigns may not align with the data contract's intended use for underwriting purposes.",2) Ensure the use of creditworthiness data is strictly for underwriting purposes.,"Yes, but there is a flaw in the argument.",Misleading advice.
fac6f5f3584daa491041adc14e93328f8d935df07736e0ce3e63b7a9be3fc210,Underwriting Life Insurance,Healthcare Marketing Campaign Targeting,marketing,Targeted Health Campaign Manager,A data application designed to tailor marketing campaigns specifically for audiences most interested in health insurance.,"The Marketing team plans to leverage public mortality models and health risk assessments to identify and target demographics likely to be interested in health-related insurance products. By analyzing this data, the team can devise highly targeted and effective campaigns, ensuring that marketing efforts resonate with the right audience. This initiative aims to improve customer engagement metrics and conversion rates, directly impacting the company's market presence and profitability.","3) Datenschutzerklärung für Versicherungsverträge (See section 5.1 a. Bearbeitungszwecke): The access request involves the use of exclusive third-party data, which is classified as PII. The purpose of the request for marketing campaigns may not align with the data contract's intended use for underwriting purposes.",3) Ensure the use of exclusive third-party data is strictly for underwriting purposes.,"Yes, but there is a flaw in the argument.",Out of context.
02105f9beb185bc84b5b8b36efa59804bc24c9d98b410a39a4d6bce19d4de7f4,Underwriting Life Insurance,Fraud Detection Enhancement System,claims--benefit,Fraud Detection Enhancement System,"Advanced system for detecting fraudulent claims by analyzing complex data patterns, including credit and third-party data.","The Claims & Benefit unit seeks to incorporate creditworthiness and exclusive third-party data into its Fraud Detection Enhancement System. By analyzing anomalies within these data categories, the system will identify potentially fraudulent claims more accurately. This integration aims to safeguard the company's financial resources by minimizing fraudulent payouts, improving detection rates, and reducing investigation times. Subsequently, this will maintain the integrity of claims processing and uphold customer trust.","1) Datenschutzerklärung für Versicherungsverträge (See section 5.1 Bearbeitungszwecke): The access request involves the use of PII data (creditworthiness and exclusive third-party data) for fraud detection, which may not align with the data contract's intended use for underwriting life insurance.",1) Clarify the use of PII data specifically for underwriting purposes.,"Yes, but there is a flaw in the argument.",Misleading advice.
ab69b150ceb6c95ac766140389d6a38cd994394bd1ab55a7eb1063d152c76303,Underwriting Life Insurance,Customer Behavioral Prediction Analysis,marketing,Behavior Prediction Analyzer,A tool designed to predict customer behaviors impacting policy renewals and retention strategies.,"The Marketing division intends to utilize public risk data and health risk assessments to perform customer behavioral predictions. By forecasting potential customer behaviors, such as policy renewals or lapse likelihoods, the team can strategically tailor retention programs and personalized offers. This utilization of predictive analytics will boost customer retention rates and drive up long-term value, optimizing customer lifecycle management.","1) Datenschutzerklärung für Versicherungsverträge (See section 4.2 Besonders schützenswerte Personendaten): The access request includes the use of 'health risk assessment' data, which is classified as PII. The purpose should be revised to exclude the use of PII data.",1) Exclude health risk assessment data from the analysis.,Yes,Technically correct but impractical for solving the issue.
ab69b150ceb6c95ac766140389d6a38cd994394bd1ab55a7eb1063d152c76303,Underwriting Life Insurance,Customer Behavioral Prediction Analysis,marketing,Behavior Prediction Analyzer,A tool designed to predict customer behaviors impacting policy renewals and retention strategies.,"The Marketing division intends to utilize public risk data and health risk assessments to perform customer behavioral predictions. By forecasting potential customer behaviors, such as policy renewals or lapse likelihoods, the team can strategically tailor retention programs and personalized offers. This utilization of predictive analytics will boost customer retention rates and drive up long-term value, optimizing customer lifecycle management.","2) Datenschutzerklärung für Versicherungsverträge (See section 4.2 Besonders schützenswerte Personendaten): The access request includes the use of 'creditworthiness' data, which is classified as PII. The purpose should be revised to exclude the use of PII data.",2) Exclude creditworthiness data from the analysis.,Yes,Technically correct but impractical for solving the issue.
ab69b150ceb6c95ac766140389d6a38cd994394bd1ab55a7eb1063d152c76303,Underwriting Life Insurance,Customer Behavioral Prediction Analysis,marketing,Behavior Prediction Analyzer,A tool designed to predict customer behaviors impacting policy renewals and retention strategies.,"The Marketing division intends to utilize public risk data and health risk assessments to perform customer behavioral predictions. By forecasting potential customer behaviors, such as policy renewals or lapse likelihoods, the team can strategically tailor retention programs and personalized offers. This utilization of predictive analytics will boost customer retention rates and drive up long-term value, optimizing customer lifecycle management.","3) Datenschutzerklärung für Versicherungsverträge (See section 4.2 Besonders schützenswerte Personendaten): The access request includes the use of 'exclusive third-party data', which is classified as PII. The purpose should be revised to exclude the use of PII data.",3) Exclude exclusive third-party data from the analysis.,Yes,Technically correct but impractical for solving the issue.
5dcb6e66943e3aaebcc437340d2d1c1fc24f7f63cad51c00fe1ea7571c763588,Underwriting Life Insurance,Legal Compliance and Assurance Audits,actor,Compliance Assurance Audit Tool,A robust audit tool to ensure legal compliance using detailed underwriting data.,"The Actor team requests access to public mortality models and public risk data for legal compliance assurance audits. By ensuring compliance with regulatory standards, the team will help mitigate legal risks and enhance the organization's reputation. This process involves cross-referencing insurance data against public data to verify adherence to legal norms, safeguarding against potential regulatory breaches and associated penalties.","1) Datenschutzerklärung für Versicherungsverträge (See section 4.2 Besonders schützenswerte Personendaten): The access request includes the use of 'health risk assessment' and 'creditworthiness' data, which are marked as PII in the data contract. This violates the policy on handling personal data.",1) Exclude PII data such as 'health risk assessment' and 'creditworthiness' from the request.,"No, and the warning is based on a non-existent issue or taken out of context.",Misleading advice.
f1f87a97b3dd323f998a2d29791af62eed42de380a4875bcb7db67883590587a,Underwriting Life Insurance,Comprehensive Market Analysis,marketing,Market Analysis Engine,Provides a detailed understanding of market dynamics and consumer credit trends for strategic development.,"To gain a competitive edge, the Marketing team plans to exploit exclusive third-party data and creditworthiness metrics for comprehensive market analysis. By understanding market trends and consumer credit behaviors, the team aims to develop innovative products tailored to market demands. This strategic insight will help identify emerging market opportunities and improve competitive positioning, thereby boosting market share and brand recognition.","1) Datenschutzerklärung für Versicherungsverträge (See section 5.1 Übersicht): The access request involves the use of PII data such as health risk assessment, creditworthiness, and exclusive third-party data for marketing purposes, which may not align with the data contract's intended use.",1) Focus on non-PII data for market analysis.,"Yes, but there is a flaw in the argument.",Technically correct but impractical for solving the issue.
f43e3914f3e8110aaedcea54dd9781057c917aee5a2bf3cb50fb727e1486d361,Underwriting Life Insurance,Predictive Loan Default Modeling,contracts,Loan Default Predictor,A predictive tool for assessing default risks among policyholders to inform financial decision-making.,"The Contracts team proposes using creditworthiness data to develop predictive models for loan default risk among policyholders. This analysis will assist in identifying high-risk individuals and adjusting contract terms accordingly. By proactively managing this risk, the organization seeks to minimize financial losses and enhance the overall health of the loan portfolio, ensuring economic stability and profitability in lending operations.","1) Datenschutzerklärung für Versicherungsverträge (See section 5.1 a. Zur Vertragserfüllung oder zur Durchführung vorvertraglicher Massnahmen): The access request involves the use of creditworthiness data, which is classified as PII. The purpose of developing predictive models for loan default risk may not align with the intended use of the data as specified in the data contract.",1) Clarify how the use of creditworthiness data aligns with the data contract's intended purposes.,"No, the warning is incorrect but could generally be a valid objection in this context.",Misleading advice.
b35b001d2c2c2926feff474c97eab61c46c11dbb5a6dbe90a382086561986a72,Underwriting Life Insurance,Claims Processing Optimization,claims--benefit,Claims Workflow Optimizer,Software to streamline claims processes by leveraging underwriting data to inform decisions.,"The Claims & Benefit team seeks access to health risk assessments and exclusive third-party data as part of their effort to optimize claims processing workflows. By understanding the risk profiles comprehensively, the team aims to streamline claims adjudication processes, minimizing processing times, and improving claim resolution rates. This enhancement is expected to elevate customer satisfaction while reducing operational costs associated with prolonged claims handling.",1) Datenschutzerklärung für Versicherungsverträge (See section 4.2 Besonders schützenswerte Personendaten): The access request involves processing of PII data (health risk assessment and exclusive third-party data) which may not be compliant with the data contract's privacy requirements.,1) Ensure compliance with privacy requirements for PII data.,"Yes, but there is a flaw in the argument.",Technically correct but impractical for solving the issue.
5de826f8638ff6dd168934eb3da55530f3b28d04f50b7e2da0e3026a73c8ea38,Underwriting Life Insurance,Third-Party Risk Assessment Integration,actor,Third-Party Risk Manager,A comprehensive platform evaluating third-party risks and strengthening partnerships.,"The Actor team proposes integrating exclusive third-party data and public risk data for a refined third-party risk assessment framework. This integration will enable a more holistic view of potential exposures associated with third-party partnerships, enhancing risk management strategies. By evaluating these relationships in detail, the company aims to mitigate operational risks, ensuring stakeholder confidence and secure business operations.","1) Datenschutzerklärung für Versicherungsverträge (See section 4.2 Besonders schützenswerte Personendaten): The access request involves the use of exclusive third-party data, which is marked as PII in the data contract. This may violate the data privacy policy.",1) Clarify how PII will be protected and anonymized.,Yes,Technically correct but impractical for solving the issue.
a832a6f4996c5c43bee02d3b780ec4d9f3af0b0eba60ce713742adeb9c0d946a,Underwriting Life Insurance,New Customer Acquisition Strategy,marketing,Customer Acquisition Platform,Strategic tool to enhance new customer acquisition using targeted demographic analyses.,"The Marketing unit seeks to employ public mortality models along with creditworthiness data to craft a new customer acquisition strategy. By identifying demographics with favorable life expectancy and financial stability, the team aims to target new potential customers more effectively. This focused approach is expected to enhance market penetration efforts and drive new business growth by leveraging precise demographic and economic insight within targeted initiatives.","1) Datenschutzerklärung für Versicherungsverträge (See section 5.1 Übersicht): The access request involves the use of creditworthiness data, which is classified as PII. The purpose of the request does not clearly justify the necessity of using PII data for marketing purposes.",1) Clarify the necessity of using PII data or exclude PII data from the request.,Yes,Technically correct but impractical for solving the issue.
98c61e5352f29a42098aed4080fbaec30a64e3ed9e4851e064141ec04a1cfdd0,Marketing Campaigns,Claims Forecasting Accuracy,claims--benefit,Predictive Claims Modeler,"Uses diverse data inputs to refine predictions related to claims frequency and severity, enhancing resource allocation.","By incorporating marketing campaign data, including target customer profiles and campaign success metrics, into our claims forecasting models, we aim to improve the accuracy of claims predictions. Analyzing this data will allow us to ascertain if there are correlations between campaign targets and claim filing behaviors, thus enabling better risk management.","1) Datenschutzerklärung für Versicherungsverträge (See section 5.1 Übersicht): The access request involves the use of personal data (target customer profiles) for claims forecasting, which may not align with the data contract's intended use for marketing purposes.",1) Ensure the use of personal data aligns with the marketing data contract's intended purposes.,"Yes, but there is a flaw in the argument.",Misleading advice.
3e6df138892d6908a28f951eec68f5cc902c778c4db63e23540b9c7e0bdd4f6b,Marketing Campaigns,Policy Customization Algorithm,contracts,Custom Policy Advisor,Enhances the customer interaction experience by recommending personalized policy options based on data-driven insights.,"With access to marketing campaign performance data, we aim to refine algorithms that suggest personalized policies to customers. By understanding which campaigns led to policy upgrades, we can enhance the algorithm's capacity to push similar suggestions in future interactions, thereby increasing customer satisfaction and policy conversions.","1) Datenschutzerklärung für Versicherungsverträge (See section 5.4 Profiling und automatisierte Einzelentscheidung): The access request involves processing personal data to refine algorithms for personalized policy suggestions. This may involve handling sensitive personal data, which could violate the data privacy policy.",1) Ensure no sensitive personal data is used for algorithm refinement.,"No, and the warning is based on a non-existent issue or taken out of context.",Misleading advice.
94620844868947b8301d9020ea5a43e1735ca5f2e6aa6b425857158536775371,Marketing Campaigns,Behavioral Analysis in Underwriting,underwriting,Behavioral Assumption Recalibrator,Innovates underwriting processes by correlating marketing-driven consumer behaviors with risk evaluation models.,"We intend to study marketing targets and their buying behaviors to enhance our underwriting practices. By integrating campaign data that highlights target customer profiles with policy uptake information, we aim to reevaluate our risk assumptions and adjust underwriting criteria accordingly.","1) Datenschutzerklärung für Versicherungsverträge (See section 4.2 Besonders schützenswerte Personendaten): The access request involves the use of personal data for underwriting purposes, which may include sensitive information. This could potentially violate the data privacy policy.",1) Clarify if sensitive personal data will be used and ensure compliance with data privacy regulations.,"No, and the warning is based on a non-existent issue or taken out of context.",Misleading advice.
b996e57f625ba5a93e4cc70ddb09583be42678227126aabe7506d1a9732a748f,Marketing Campaigns,Risk Profile Adjustment Modeling,underwriting,Dynamic Risk Modeler,Improves risk management by applying dynamic models based on integrated behavioral and marketing data insights.,"Enhancing our understanding of customer behavior via marketing campaigns allows us to refine customer risk profiles. By evaluating campaign outcomes and customer actions, we aim to adjust risk assessment models to be more precise, ultimately aiding in the development of personalized risk-based pricing strategies.","1) Datenschutzerklärung für Versicherungsverträge (See section 5.2 Marketing): The access request involves the processing of personal data for marketing purposes, which may not align with the data contract's intended use for marketing campaigns.",1) Refine customer risk profiles without using personal data for marketing.,"Yes, but there is a flaw in the argument.",Misleading advice.
