ID,Data Provider,Project Name,Consumer Team,Consumer Name,Consumer Description,Purpose
4e7fb0bc472b201d292093c0cba8d7cb72428a788b085dd835829f18834bf4f5,Fulfilment,Marketing Campaign Optimization,marketing,Campaign Analytics Platform,Analyzes fulfilment data to refine marketing strategies and customer engagement.,"To optimize marketing campaigns, the Marketing Team requires access to fulfilment data to analyze delivery success rates and adjust messaging or offers accordingly. By understanding delivery performance, campaigns can be designed to enhance customer satisfaction and retention. The data, including 'package', 'order', and 'product', will assist in evaluating logistics partners and supply chain efficiencies to identify areas for improvement."
888b64a16b92e3bedd6945a5a72236f1baf5566689e952556e04ec4cfc3ae57b,Fulfilment,Customer Experience Enhancement,shop-operations,Customer Fulfilment Evaluation,Monitors and evaluates delivery performance and fulfilment accuracy to enhance customer service.,"Shop Operations aims to improve the overall customer experience by evaluating fulfilment accuracy and delivery times. With fulfilment data, such as 'order' and 'number of pieces', they can identify inconsistencies in order fulfilment, reduce delivery discrepancies, and enhance process efficiencies to increase customer satisfaction."
5d8a039e604bdf2e469cd9f6f47d0c82de5a228c4f41b48a88fe40c2d19f4aee,Fulfilment,Supply Chain Risk Assessment,platform-team,Supply Chain Risk Monitor,Detects and analyzes potential risks in the supply chain to maintain operational stability.,"The Platform Team needs fulfilment data to assess risks in the supply chain. By analyzing 'package', 'order', and 'product' data, they can identify potential disruptions, forecast future supply chain vulnerabilities, and plan mitigation strategies to ensure a resilient and efficient supply network."
203da8341e00b20cf11cf3546f4a4f6731da5ca769e105c596d2e95162990bb3,Fulfilment,Governance Compliance Verification,governance-group,Compliance Tracker,Ensures fulfilment processes comply with legal standards through continuous monitoring.,"The Federated Governance Group requires access to fulfilment API data to conduct audits and ensure compliance with industry regulations and internal policies. By reviewing 'package', 'order', and 'product' data, they can verify that operations adhere to legal and ethical standards, enhancing organizational integrity and stakeholder trust."
56b12cad5de30262e43aa1cd2f99711b83aea3c87ac5ad47738ff090f939ca4a,Fulfilment,Innovative Product Development,enabling-team,Product Innovation Hub,Leverages data to drive the creation and development of new product offerings.,"The Enabling Team seeks fulfilment data for development of innovative products that enhance customer experience. By analyzing 'order' and 'product' data, they can identify popular items and customer preferences, enabling the design of future products that meet market demands."
1564cda9c4539cb75f1ec7a5fd5f195a667bb15351449d1d07873d2a952405ee,Fulfilment,Logistics Efficiency Analysis,shop-operations,Logistics Efficiency Tool,Analyzes logistics data to improve delivery speed and reduce costs.,"The Shop Operations team needs access to fulfilment data to analyze logistics efficiency. Information such as 'package', 'order', and 'number of pieces' helps identify optimization opportunities within the delivery routes and methods, aiming to minimize costs and enhance speed in the delivery process."
1f9e1a6036360a7eb65ed549d01d303b8a4c6e8de6b79aa07372d569c7bda23a,Fulfilment,Regulatory Demand Analysis,governance-group,Regulatory Compliance Engine,Ensures that marketing products align with regulatory standards and customer promises are met.,"To ensure the marketing campaigns align with regulatory requirements, the Governance Group requests access to fulfilment data for product compliance checks. By examining 'product' and 'order' data, the group ensures the offerings meet legal stipulations and maintains market operations stability."
69c3cdbd4bf165b066ba62a40a9e9d153fce1276f8142f5045a7f5ff6abd9b65,Fulfilment,Inventory Management Enhancement,platform-team,Inventory Optimization System,Analyzes order data to anticipate inventory needs and optimize stock levels.,"The Platform Team intends to improve inventory management by predicting stock requirements based on fulfilment patterns. With 'order' and 'product' data access, they aim to enhance restocking strategies, reducing overstock and understock scenarios for efficient inventory control."
eeb2ee18f83a79379cb976ff38c1d4504d72dbb38eefb76b20b5c42f0d6cf8c8,Fulfilment,Supplier Performance Assessment,marketing,Supplier Performance Evaluator,Evaluates supplier quality and delivery metrics to strengthen strategic partnerships.,"The Marketing Team wants access to fulfilment data to assess supplier performance. By analyzing 'KEP supplier' and 'package' data, they can evaluate delivery timeliness and quality from suppliers, ensuring partnerships with those who align with company standards and customer expectations."
cb20bf2ae3f891b71f0d80397f4d26c29e723efa4a2b3a7ddc8a1de1ff184913,Fulfilment,Internal Fraud Detection,enabling-team,Fraud Detection Module,Monitors and analyzes data to detect potential internal fraud within fulfilment operations.,"The Enabling Team requires fulfilment data to identify potential internal fraud. By cross-referencing 'order' and 'package' data, they aim to detect suspicious activities or discrepancies, ensuring financial integrity and protecting company assets from fraudulent practices."
e8b56c6863caf762d5cff4c5f057d40c8fcd736da34ed6c484c277ba30131a17,Order,Customer Demographics Insight,marketing,Customer Insight Analyzer,Analyzes customer demographics and behaviors to optimize marketing strategies,"The Marketing team requires access to order data to analyze customer demographics, such as age and location, to optimize targeted marketing campaigns. By understanding customer segments better, the team aims to deliver more personalized marketing messages that resonate with the audience, ultimately increasing conversion rates. This request involves accessing non-PII data through the 'Order api' output port to ensure alignment with privacy policies while achieving a significant business impact."
d295d45b8f676db55878e0624e98601f2eaa46d81d2a67000987119b138ccd92,Order,Shipping Performance Metrics,logistics,Shipping Performance Dashboard,Monitors and analyzes shipment histories to optimize logistic operations and ensure timely deliveries.,"The Logistics team needs to access order data to track shipping times and addresses for analyzing delivery performance. By identifying patterns in locations with frequent delays or discrepancies between estimated and actual shipping times, logistics can enhance efficiency by reallocating resources or altering delivery routes. This data-driven approach is crucial to enhance customer satisfaction and streamline supply chain operations."
4dde2c57714c2f5ac15c208990e798656a7b3d81cf7104a1f8d4fbc7348d29a1,Order,Platform Stability Monitoring,platform-team,Platform Stability Monitor,Tracks system performance based on transaction load to ensure stability and optimize resource allocation.,"The Platform Team requires access to order data to monitor transaction volumes and system load patterns during peak operation hours. Analyzing this information helps preemptively manage server loads, prevent potential downtimes, and enhance the system's resilience. This form of data utilization is crucial to ensure a consistent user experience and operational reliability by planning and deploying adequate system resources."
f0523e027f21868811926d6521aec5c65931a8ee47ea19880e1c6e8b726e3e63,Order,Operational Efficiency Audit,governance-group,Operational Efficiency Audit Tool,Evaluates business processes for efficiency improvements through in-depth analysis of order data.,"The Federated Governance Group is seeking access to order data as part of an ongoing audit intended to assess operational efficiencies across e-commerce processes. By evaluating data on order cycles, customer wait times, and shipping durations, the group can identify bottlenecks and areas for process improvement, thereby enhancing overall operational effectiveness. This audit ensures compliance with service standards and adherence to company policies."
daa1003c98c587ff960dc08ef8eb9ef6c5463484183a72983408a17bdebf7b70,Order,Customer Satisfaction Feedback Analysis,enabling-team,Customer Feedback Analyzer,Assesses customer feedback in relation to order fulfillment efficiency for improving service quality.,"The Enabling Team seeks access to order and shipping data to correlate customer feedback with shipping records. By analyzing complaints related to shipping delays or incorrect deliveries, the team can develop insights into specific process failures and generate actionable feedback loops with logistics. It aims to enhance customer satisfaction by directly addressing and mitigating underlying operational issues."
263dfa575890fa8f87e8684d69d126f641f4adf00b1b8109823550b98c1f9362,Order,Behavioral Pattern Analysis for Fraud Detection,platform-team,Fraud Detection System,Monitors transactions for inconsistencies to detect potential fraudulent activities and maintain platform security.,"The Platform Team intends to utilize order data to detect unusual purchasing patterns that may indicate fraudulent activities. By establishing a baseline of legitimate customer behaviors, any significant deviations can trigger alerts for further review. This fraud detection approach helps safeguard the platform's integrity by proactively identifying and mitigating potential risks."
c858a5fca3357b6b0d6ec07a14b99958b615bf45be0ad0cfb4ff963aeaf38332,Order,Inventory Planning and Forecasting,marketing,Demand Forecasting Tool,Forecasts inventory needs based on order patterns to enhance supply chain efficiency and marketing alignment.,"The Marketing team requests order data access to analyze purchasing trends and forecast future inventory requirements. Understanding which products are in high demand across different customer segments allows the team to optimize inventory levels, avoid stockouts, and ensure product availability. This aligns marketing initiatives with supply chain operations to better meet customer needs and drive sales."
7d048068406f7736e510c9e426234e802e69de48346fa72c9b0e8efe73237c00,Order,Logistics Cost Optimization,logistics,Logistics Cost Analyzer,Analyzes shipping data to identify cost-saving opportunities and improve supply chain efficiency.,"The Logistics team requires access to order and delivery data to assess cost patterns associated with different shipping options and routes. By analyzing these financial data points, the team aims to optimize logistics costs by adjusting shipping methods or negotiating rates with carriers. This strategic analysis is essential for improving profit margins and offering competitive shipping rates to customers."
e69a8165208fd5582c0c37bb1c398e4251c6fccd6b0a7456d911a05bbca35e11,Order,Customer Churn Prediction Model,enabling-team,Churn Prediction Model,Predicts customer churn to facilitate targeted retention strategies and sustain business growth.,"The Enabling Team seeks data access to develop a customer churn prediction model. By analyzing order histories, customer engagement metrics, and feedback, the team can identify at-risk customers and implement retention strategies proactively. This predictive analysis helps in reducing customer churn rates, thereby maximizing customer lifetime value and ensuring sustained profitability."
c34045e9c0e293c908604a299a0b4cc795dab0f3f5b7a05f37966dbce4045825,Order,Regulatory Compliance Reporting,governance-group,Compliance Reporting System,Generates compliance reports by cross-verifying transactional data with regulatory standards to ensure legal adherence.,The Federated Governance Group requests access to order data for compiling reports required for regulatory and compliance audits. This involves verifying transactional data against mandated standards to ensure adherence and resolve any discrepancies. The prompt submission of these reports is crucial for maintaining legal compliance and upholding organizational integrity.
bc4f35ee432b68a1dec44cdb113d48f9b69eb28db1f50ba1259d9f93cb2ceea2,Campaigns,Sales Trend Analysis,logistics,Logistics Optimization Engine,Optimizes inventory and distribution based on sales trends and forecasts.,"The purpose of this request is to analyze sales trends related to specific campaigns, focusing on the performance across various channels. By accessing the campaign performance data, logistics can optimize inventory management and distribution strategies to align with market demand, thus minimizing costs and avoiding overstock. This data is pivotal for proactive decision-making and strategic planning, leading to better customer satisfaction through timely product availability."
39777deb5e77e529b5c182f4f52dbc52d4fbc5637736c371bcf395e844263a00,Campaigns,Targeted Channel Marketing Automation,shop-operations,Campaign Manager,Automates marketing efforts to improve customer engagement and conversion rates based on historical data analysis.,"This request aims to facilitate targeted marketing campaigns by analyzing historical campaign performance across various channels. The shop operations team intends to utilize this data to automate marketing efforts and personalize customer experiences. By identifying successful trends, messages, and channels, they can enhance engagement rates and market penetration, ultimately driving sales conversion and increasing customer loyalty."
9fcc3376b1bf5b1897c2f65f61f0967d81890b9dae938017012b1799a341d60d,Campaigns,Channel Performance Assessment,platform-team,Ad Efficiency Analyzer,Analyzes channel performance to optimize ad placements and content distribution across the platform.,"The platform team requires access to campaign data focusing on the channels of distribution to evaluate efficiency and customer reach. This assessment is aimed at optimizing platform algorithms that manage ad placements and content distribution. By understanding the performance metrics, the team can enhance user experience and increase ad revenue, ensuring the platform's competitiveness and sustainability."
ea37f347bf85c16baf735aa0fed3f3f96d490a48c52269cf023da1cb7828a75e,Campaigns,Federated Compliance Monitoring,governance-group,Compliance Tracker,Monitors and ensures compliance with regulatory and corporate policies within marketing campaigns.,"The purpose of this request is to ensure compliance with marketing regulations and privacy standards within the campaigns executed by the marketing team. By evaluating the data from campaigns, the governance group can monitor adherence to legal standards and corporate policies, thereby mitigating legal risks. This is essential for fostering a culture of compliance and integrity across campaigns."
2fc4c8a71d04754448b1121b6342563f25610ced918a2011df399ca694927218,Campaigns,Sales Forecasting Engine,enabling-team,Sales Predictor,"Develops predictive models to forecast sales based on historical campaign data, enhancing strategic decision-making.","The enabling team plans to utilize campaign data to develop advanced predictive sales models. These models will forecast future sales trends based on historical campaign performance, allowing the team to advise strategic decision-making across various business divisions. This proactive approach aims to maximize profitability by aligning sales strategies with customer behaviors and market dynamics."
cfe9eae62c3e489ddaacc950dfdb89cf8633b9a1c46539ab6389084e541a275a,Campaigns,Cross-channel Performance Optimization,shop-operations,Channel Optimizer,Enhances promotional campaigns by analyzing and optimizing performance across different marketing channels.,"This request is for enhancing the shop operations team's ability to optimize promotional campaigns by comparing performance across different channels. They aim to identify key drivers of success and areas for improvement by leveraging insights into the campaigns' reach and impact. By tailoring strategies to optimize these elements, they can significantly boost marketing ROI and customer engagement."
07aeedcfdfa66dbf0c568f00f3486debce3b638a5ee08d03331bf39fa84a7841,Campaigns,Channel Impact Evaluation,platform-team,Impact Evaluator,Evaluates marketing campaign impacts to refine content delivery systems and improve user engagement on the platform.,"To refine their platform, the platform team seeks an in-depth evaluation of campaign impacts across different channels. This evaluation will enable them to streamline content delivery, further improving user experience and engagement. The data will inform adjustments to platform algorithms, ensuring efficient content distribution that aligns with user preferences and maximizes platform interaction rates."
a97e6661b3f5a030f85b61fa7809807c75b42751a430ec83a50c28249359a0f4,Campaigns,Privacy Compliance Verification,governance-group,Privacy Verifier,Verifies marketing practices against privacy guidelines to protect data integrity and ensure compliance.,"This request involves verifying campaign data to ensure it aligns with established privacy guidelines. The governance group aims to protect customer data integrity by reviewing the handling processes within marketing campaigns. Ensuring adherence to legal requirements safeguards company reputation and builds trust with stakeholders, fostering transparency and accountability in all marketing endeavors."
ad05cf3cf9a088417e1558ee42142ea5819f2575ec0d911951a4186757606cc3,Campaigns,Channel Performance Insights,logistics,Channel Insight Tool,Utilizes campaign data to align product distribution with market-driven demand across various channels.,"The logistics team requests insights into channel-specific performance data of campaigns to ascertain product distribution strategies. By understanding which channels drive the most value, they can align supply chain operations to meet demand more effectively. This leads to enhanced operational efficiency, reduced waste, and increased customer satisfaction through improved product availability."
09539123b5482ad80ae8d7c55bef767c851cb03b2422c6f790dde67ac62d7cdd,Campaigns,Strategic Marketing Alignment Analysis,enabling-team,Strategic Alignment App,"Analyzes marketing campaigns to align strategic goals with execution, enhancing brand consistency and market response.","The enabling team seeks to align strategic marketing goals with operational realities by analyzing campaign data. This analysis aims to bridge the gap between marketing strategies and execution effectiveness, providing insights into optimizing marketing activities. The enhanced alignment will drive brand consistency and improve the overall market response to campaigns, ensuring better use of marketing budgets."
10b0c8f06a35c1c6202e0c15968967516981b46a27bf607982e753a071fc4858,Customers,Personalized Marketing Campaigns,marketing,Customer Insight Engine,Gathers and analyzes customer data to deliver targeted marketing content and promotions.,"The Marketing team aims to leverage customer data to create highly personalized marketing campaigns. By accessing data such as customer names, contact info, and shopping habits, the team can tailor messages that resonate more with individual customers, ultimately boosting engagement and sales. These campaigns can include personalized product suggestions and exclusive offers based on individual preferences and past behaviors."
dc84cdb4cbfaae31c5cc3d5abd92a253ae757178820a40f93e2bb1ba343122dc,Customers,Order Fulfillment Optimization,logistics,Fulfillment Predictor,Enhances logistical operations by forecasting order volumes and streamline fulfillment processes.,"The Logistics team requires access to basic customer shipping information and order history to analyze shipment patterns and optimize order fulfillment processes. This data will help in predicting shipment volumes, enhancing warehouse stock management, and improving delivery times by anticipating customer needs and preferences."
980f7211ecc0b9866aed87755fb597ad504e36460d4c1ed1e342f790b70a77bb,Customers,Customer Behavior Analytics,platform-team,User Behavior Dashboard,Monitors and analyzes user interactions with the platform to inform interface improvements.,"The Platform Team seeks to analyze anonymized customer activity data, such as log-in frequencies and order history, to identify trends in customer behavior. This analysis will help enhance the user experience on the platform by adapting interfaces to the most common usage patterns and ensuring reliability under high usage conditions."
631dd2c87503645ddece48c8e79ee35ec356a4a3b93919ec92c313df8c450cca,Customers,Fraud Detection and Prevention,governance-group,Fraud Watcher,Facilitates the detection and prevention of fraudulent activities through rigorous data analysis.,"The Federated Governance Group intends to access customer payment methods and activities to identify and prevent fraudulent activities. By examining payment patterns and comparing them to known fraud indicators, the group can actively prevent fraud and protect both the business and its customers from increasingly sophisticated scams."
e0414e7d6ebd9f33e9191d4c4ea67ca2f8f84e469e64c5b7bd5c0864af6acf75,Customers,Customer Satisfaction Enhancement,logistics,Satisfaction Optimizer,Analyzes feedback and order data to enhance customer shipping experiences and increase satisfaction.,"We aim to enhance customer satisfaction by periodically reviewing feedback related to shipping experiences and order fulfillment through data accessed from past customer orders. Understanding these dynamics will allow us to resolve common complaints more effectively, thereby improving overall customer satisfaction and retention."
85ab75585d5057038c61327a5591720d18423b59f24561a98664ed2a5462d4e2,Customers,Enhanced Customer Service Training,platform-team,Service Training Module,Develops enhanced customer service training based on data-driven insights about customer interactions.,"The Platform Team requires anonymized data on customer service interactions to tailor training programs that improve efficiency and customer satisfaction. By analyzing frequently asked questions and common issues, the team can devise focused training sessions that better prepare service teams to assist customers."
bb0dfa312438f4a2edc55a28f07a83e32d3ba32dd4f056487291e59b3fe46d26,Customers,Targeted Retention Strategies,marketing,Retention Genius,Provides insights and develops strategies to enhance customer retention based on behavioral data.,"Marketing seeks access to data regarding customer purchase patterns and engagement levels to develop targeted retention strategies. By identifying customers at risk of churn, the team can create personalized retention offers that aim to maintain loyalty, such as special discounts or personalized emails."
501f4505f5ab8b657a2d434ee84f69de533255c041b6f7cba4966f85c87831ab,Customers,Compliance Auditing,governance-group,Compliance Tracker,Monitors and audits customer data processing for compliance with data protection regulations.,The Federated Governance Group requests access to detailed records of customer data usage and consent levels to ensure compliance with relevant data protection laws and policies. This process is essential for identifying any gaps in adherence and implementing necessary corrective actions to maintain compliance and protect customer privacy.
3f5c9aa1b7ffcb1393b809500dd0a83f503db279fe04c2a97b724aab6c8b2e6d,Customers,Product Recommendations Engine,logistics,Recommendation Suite,Enhances customer shopping experience with tailored product recommendations.,"The Logistics team plans to incorporate customer purchase history into a product recommendation algorithm. This initiative tailors suggestions based on past purchases and browsing history, improving customer experience through relevant product recommendations that match individual preferences."
65f5cdb43140198caa7e23942005802bc5ae739d3c3d5ad454c1b3a096855ebf,Customers,Payment Risk Assessment,platform-team,Risk Analysis Tool,Assesses payment method risks to secure transaction processes and reduce potential financial threats.,The Platform Team aims to assess potential risks associated with different payment methods by analyzing customer payment data to ensure secure transaction processes. This analysis supports the enhancement of security measures and mitigation of financial risks for both the business and its customer base.
377b07b2410e2f77a6343286ed10eec89e38b866f5862d15288e82fb2f12d008,Payments,Fraud Detection in Transaction Patterns,governance-group,Transaction Surveillance System,Monitors and analyzes payment activities to detect fraudulent patterns and activities.,"To enhance the security of our payment processes, we seek to analyze transaction data to identify unusual patterns that might indicate fraudulent activities. This will allow us to protect our financial assets and customer data by proactively monitoring transactions for potential threats. The specific information needed includes transaction amounts, order IDs, and repayment deviations."
ac8a2ab33afbb175a22413ea976864182a046590cd60a4e1cb9565cfdfc053ba,Payments,Customer Analytics for Tailored Marketing,marketing,Customer Insights Dashboard,Gathers and analyzes customer data to enhance marketing strategies and campaign effectiveness.,"The objective is to leverage payment data to perform customer behavior analysis. This analysis helps in creating targeted marketing campaigns by identifying purchasing patterns and customer interests. Information such as order ID coupled with transaction amounts provides insights into customer preferences, improving our ability to tailor marketing strategies to individual customer needs."
ddd6996c2c695a204467776614aa52246ace9b5d015f8427e944f26c49a0b3f2,Payments,Shipping Charge Audit and Optimization,logistics,Shipping Efficiency Tracker,Analyzes and audits shipping charges to ensure consistency and accuracy in logistics.,"We intend to use detailed payment information to audit shipping charges applied to customer orders. By analyzing order payments against charged shipping fees, we can identify discrepancies and optimize our shipping charge structure. This data-driven approach aims to ensure fair pricing and foster customer trust while maximizing our shipping efficiency and cost-effectiveness."
07bc37d2571dc99c90d55b96b3b0e76b6e29c4b8a1223c2de197952be6bd64f0,Payments,Real-time Fraud Prevention Alerts,platform-team,Fraud Alert System,Enhances fraud prevention through real-time alerts and monitoring of transaction data.,"Accessing real-time payment data will enable us to build a system that triggers alerts whenever a transaction deviates from normal patterns, indicating a potential fraud attempt. By integrating this with our existing security protocols, we can enhance our fraud prevention measures and ensure timely intervention to protect customer transactions."
8ccec5190e0fee9d1102f2f61831f7a2691523a317e470562538743690f84b49,Payments,Refund Optimization Process,enabling-team,Refund Analysis Suite,Optimizes refund processes by analyzing transaction patterns and refund data.,"To streamline our refund processes, we require data on refund transactions. By analyzing past refund data, we can identify common reasons for returns and adjust our policies accordingly, improving customer satisfaction. The analysis will focus on refund amounts and associated orders to enhance our return management and policy efficiency."
d1e088dc50f6d7cf88933f6762a7a08db49789cf5874e66cf2594e14f7a1c9e2,Payments,Product Pricing Strategy Enhancement,marketing,Dynamic Pricing Optimizer,Uses transaction data to fine-tune pricing strategies for revenue maximization.,"We aim to utilize transaction data to refine our product pricing strategies. By examining customer payment behaviors, we can identify optimal pricing models that maximize revenue while maintaining customer satisfaction. We will evaluate payment patterns and price sensitivity from collected data to adjust our pricing dynamically."
3ddc2836315c854df457f5c94fbd266b06ae3c8c7ca123a7009319b73c92a9e5,Payments,Marketplace Integration Impact Study,platform-team,Marketplace Performance Analyzer,Assesses the impact of new marketplace integrations on transaction volumes and behavior.,"To understand the impact of new marketplace integrations, we request access to payment data. This will enable us to evaluate changes in transaction volumes and customer behavior post-integration, helping us assess the integration's success and areas needing improvement. We specifically require transaction details linked to marketplace orders."
908816ebcf06a8dd13c5e2a483109a841bb9a57bbb42febe141c726fdbc5c393,Payments,Cross-Selling Opportunities Identification,marketing,Cross-Sell Recommendation Engine,Leverages transaction data to identify and suggest cross-selling opportunities to customers.,"We need access to payment data to uncover cross-selling opportunities. By identifying related purchasing patterns in transaction data, we can recommend additional products to customers, enhancing sales conversion rates. Payment details such as order compositions are crucial for proposing relevant cross-sell options in our e-commerce strategy."
9bb72c376c7a95fcad77df5b4c8932db97596c79720e185d14de7ca2d2359e6c,Payments,Supply Chain Payment Flow Analysis,logistics,Supply Chain Finance Optimizer,Analyzes payment flow in the supply chain to identify and rectify inefficiencies.,"Our objective is to optimize supply chain finance by analyzing payment flows. By understanding how payments are processed and distributed across the supply chain, we can identify bottlenecks and inefficiencies, ensuring smoother operations. Payment trends and patterns data will support this analysis to enhance our financial and operational management."
569aece891f2a8d3ee80645eba515c0af80c714bb4036f25ac1a0d44e0b6309f,Payments,AI-driven Customer Service Enhancements,enabling-team,AI Service Enhancer,Uses AI to anticipate and resolve customer issues based on payment data anomalies.,"To elevate our customer service experience, we want to utilize payment data to train AI models that predict customer issues based on payment anomalies. This proactive approach allows us to address potential complaints before they arise, improving customer satisfaction. We need access to transactional anomalies to enhance our AI predictions and customer service strategies."
bd7b9717630b7177aecf10a02c0dcbdb02b9d42dce0a5215ae1dc5d541eae71e,Order Lines,Logistics Demand Forecasting,logistics,Demand Forecasting System,Enhances stock and resource allocation by predicting product demand with high accuracy.,"The Logistics team plans to access the 'Order Lines' data via the API to refine our demand forecasting algorithms. By analyzing order frequencies, quantities, and related campaign data, we aim to optimize stock levels and improve supply chain efficiency. This will help to prevent overstock situations, reduce warehouse costs, and ensure timely order fulfillment, leading to enhanced customer satisfaction. The data requested will specifically inform models predicting peak demand periods to better align logistics resources."
64e471f296e53221766b63e67b4618d5c8fc6bed5b3375af5c8d80b66e35da03,Order Lines,Campaign Effectiveness Analysis,marketing,Campaign Insights Tool,Facilitates detailed analysis of marketing campaign performance to improve strategy and ROI.,"The Marketing team seeks to access the 'Order Lines' data product to evaluate the effectiveness of our current and past marketing campaigns. By analyzing product orders associated with campaign identifiers, we can assess ROI, adjust future campaigns for greater engagement, and strategically allocate marketing spend. This access will contribute to a data-driven marketing strategy, enhancing overall brand engagement and sales."
4f5f530aa304193f54273ebd54d3470a33a16de86e89f4a55af56e9e8c006605,Order Lines,Order Fraud Detection,governance-group,Fraud Detection System,Monitors ecommerce transactions to detect and prevent fraud using advanced pattern recognition algorithms.,"To enhance our transaction monitoring capabilities, the Federated Governance Group requires access to 'Order Lines' data. The purpose is to identify unusual order patterns indicative of fraudulent activity. By examining aspects like atypical quantities and anomalies in pricing, we aim to reduce fraud, secure our ecommerce platform, and build trust with our customers by assuring safe transactions."
7b35544198ce1198da5266bd3d66500917a7b84fa6bf22a73208f4c7e9ca99b3,Order Lines,User Behavior Analytics,platform-team,Behavior Insights Platform,Analyzes customer behavior to optimize product recommendations and enhance platform personalized experiences.,"The Platform Team intends to leverage 'Order Lines' data for analyzing user purchase patterns, with the goal to enhance user experience across our platform. Insights into which products are frequently bought together will allow us to refine product recommendations, leading to increased sales and a more personalized shopping experience for our users."
fc0957caa018865244d0464bc739b22eb07908428290ec441b64944be964cf30,Order Lines,Cross-Divisional Data Quality Audit,governance-group,Data Quality Auditor,Facilitates regular audits of data products to ensure the highest standards of data accuracy and reliability.,"The Federated Governance Group requires access to the 'Order Lines' API to conduct a comprehensive data quality assessment. Our aim is to ensure consistency, accuracy, and reliability of data across divisions. By evaluating data integrity and addressing potential discrepancies, we will enhance internal data utilization and decision-making processes."
d2f8d46791b0306df33f72face4dbc9e79d9ea1f37c4826dd80c17167a2051b7,Order Lines,Product Return Analysis,logistics,Return Insight Analyzer,Analyzes return data to improve inventory management and reduce unwanted returns through actionable insights.,"The Logistics team aims to analyze the 'Order Lines' data to identify patterns in product returns. By examining the frequency and reasons for returns indicated in the order lines, we can address common issues, improving product quality and optimizing return policies. This actionable data will contribute to reduced return rates and increased customer satisfaction."
22ffca02f0e35cf947c83fb8927b7bbe280c5c6e77e5eff9588e385b7a3a8135,Order Lines,Dynamic Pricing Strategy Development,marketing,Dynamic Pricing Engine,Enables strategic pricing adjustments based on demand analysis to optimize revenue.,"The Marketing team requires access to 'Order Lines' to implement dynamic pricing strategies. By analyzing product demand fluctuations over time, we can optimize pricing to match consumer willingness to pay. This strategy aims to maximize revenue, improve market competitiveness, and adjust to market conditions in real time."
9edcaccf6f0972de44aecb7a8c8463055af285881e6b5e1980a7ebdc70bdfc59,Order Lines,Inventory Shrinkage Monitoring,logistics,Shrinkage Tracker,Monitors and reduces inventory discrepancies to enhance supply chain integrity.,"The Logistics team seeks 'Order Lines' data to address shrinkage in inventory. By analyzing discrepancies between ordered and delivered quantities, we aim to identify losses and enhance inventory accuracy. This access will strengthen inventory control processes and reduce financial losses attributed to shrinkage."
f9bac089dcd4cc6cd573eeeb5f974e75bab408a1e95ca79d30dbc63bd48a4781,Order Lines,Customer Spend Analysis,platform-team,Spend Analytics Platform,Offers insights into customer expenditure to inform loyalty programs and marketing strategies.,The Platform Team wants to understand spending patterns using 'Order Lines' data. This insight will help enhance our loyalty programs by identifying high-value customers and tailoring marketing efforts to maintain their loyalty. Access to this data will also assist in improving customer segmentation strategies.
2c2419a6a73ec5f1e824785b57652d389aae0050ea86f7708161bb061d86c292,Order Lines,Market Segment Performance Evaluation,marketing,Segment Performance Metrics,Provides detailed performance insights across different consumer markets to optimize marketing strategies.,"The Marketing team requires 'Order Lines' data to accurately measure performance across different market segments. By analyzing campaign results and product sales per segment, the team can refine targeting approaches, enhance market activation strategies, and ensure strategic resource allocation to the most profitable segments."
efe5995b6132a912b685011ccc6fe376e28b30dc03780017d6b27bfe49904cfa,Products,Marketing Trend Analysis,marketing,Campaign Effectiveness Tracker,Analyzes marketing data to identify successful strategies within product categories.,The aim is to assess the effectiveness of various marketing campaigns across different product categories. A detailed analysis of product descriptions and category information will help us understand which marketing strategies are bringing the best returns. This data will enable us to allocate resources more effectively and enhance our strategic planning for future marketing initiatives.
29942dab780c0abe694cf73ff4a732f06a41c6a3bd91edf08162020aad26da75,Products,Price Margin Optimization,platform-team,Price Optimization Engine,A tool for analyzing and optimizing product pricing based on cost data and market conditions.,"We intend to enhance our pricing strategies by analyzing pricing info such as buying price and margin information. This will allow us to optimize our pricing models, ensure competitive pricing in the market, and maximize profitability on individual products and across categories."
252a85ac2ad18245618f4340f7750e2760bd15d5b58065b9796fa0361432fe94,Products,Inventory Management Improvement,enabling-team,Smart Inventory Manager,Improves logistics operations by optimizing the inventory turnover through data analysis.,"Optimizing inventory turnover by analyzing stock info including stock levels and warehouse distribution. This data will guide us in refining our logistics operations to ensure we have the right products in the necessary quantities, reducing overstock and stockouts, thereby enhancing our efficiency and lowering costs."
0739cf81637eb1d9549cc22694aa2f5d8db76033abcec1c37540c318fa028929,Products,Supplier Performance Monitoring,shop-operations,Supplier Insight Dashboard,Monitors and evaluates supplier performance metrics to drive improvements in supply chain management.,"Evaluating supplier performance by examining supplier info and delivery timelines. This critical assessment will enable us to maintain strong supplier relations and improve order fulfillment processes by identifying top performers, assessing risk, and developing strategies for underperforming suppliers."
07c8f02a32df734a3f1157f3c089742e2784a09a08905ef9838e88529d66581c,Products,Consumer Demand Prediciton,enabling-team,Demand Forecasting Tool,Predicts consumer demand to optimize inventory levels and reduce holding costs.,"To better forecast consumer demand, we will use product sales and review data combined with stock information. By predicting demand patterns and aligning them with inventory levels, we can optimize product availability, enhance customer satisfaction, and reduce holding costs."
586a03f1880794102b711bbfe8cdf2c782b00055377ee61d335b5374f58f5576,Products,Competitor Pricing Analysis,platform-team,Market Positioning Analyzer,Provides analytical insights into competitor pricing strategies to optimize our market pricing decisions.,"Understanding competitor pricing strategies by assessing pricing info will enable us to benchmark our own prices, identify market trends, and make informed pricing decisions. This competitive insight is crucial to maintain market leadership and innovatively adjust our selling tactics."
5fbf5126f2e1e7a0840e4230d7079b429f84ebf0d88b5eeae76c855ca03fa375,Products,Product Performance Metrics,marketing,Product Success Evaluator,Analyzes product performance metrics to enhance marketing strategies and product development.,"Evaluating item popularity, customer reviews, and return rates through the performance data will help us in assessing product success and consumer satisfaction. This product performance assessment is key for product development and marketing strategy formation."
ab5aa0fc2b1db853c331f697ea79ebd6f7368ae2e4007502f7588e15d9a85609,Products,Logistics Efficiency Enhancement,enabling-team,Logistics Optimizer,Analyzes logistical data to enhance warehouse efficiency and optimize transport routes.,"Improving logistics efficiency by analyzing stock and warehouse data helps refine transport and distribution processes, reducing downtime and costs while enhancing service delivery. This analysis will inform decisions related to warehouse location optimization and resource allocation."
39aa9bfacfcc3308a652158344fc79f32fc14b57365d12dd8c7b252eb12abfe6,Products,Sales Strategy Development,platform-team,Sales Strategy Enhancer,Focuses on sales pattern analysis to improve sales strategies and align them with consumer expectations.,Crafting better sales strategies by closely analyzing sales patterns and consumer feedback from product performance data. This exploration into consumer behavior is essential for aligning marketing efforts with consumer expectations and enhancing overall sales performance.
56e8a69b4bd313eb3e1c0de7f07d13a1d15983f84e3b6519c437d907b8bd40fb,Products,Internal Product Development Insights,shop-operations,Product Innovation Tracker,Enhances product development processes through lifecycle data analysis for better innovation outcomes.,"We are examining internal product development processes and results to innovate new products by thoroughly understanding product lifecycle data and market reception metrics. This analysis will guide the innovation pipeline from conceptualization to market launch, aiming to meet consumer needs more precisely."
